{"cameraMode":{"drawMode":0,"name":"Shaded","section":"Shading Mode"},"sceneLighting":true,"audioPlay":false,"sceneViewState":{"m_AlwaysRefresh":false,"showFog":true,"showSkybox":true,"showFlares":true,"showImageEffects":true,"showParticleSystems":true,"showVisualEffectGraphs":true,"m_FxEnabled":true},"in2DMode":false,"pivot":{"x":1479.8468017578125,"y":1054.775634765625,"z":-625.1996459960938},"rotation":{"x":0.00028974274755455554,"y":0.0506758987903595,"z":0.00001615326982573606,"w":-0.9987280368804932},"size":377.4565734863281,"orthographic":false}